{"cameraMode":{"drawMode":0,"name":"Shaded","section":"Shading Mode"},"sceneLighting":true,"audioPlay":false,"sceneViewState":{"m_AlwaysRefresh":false,"showFog":true,"showSkybox":true,"showFlares":true,"showImageEffects":true,"showParticleSystems":true,"showVisualEffectGraphs":true,"m_FxEnabled":true},"in2DMode":false,"pivot":{"x":-6.705031871795654,"y":-0.6310861110687256,"z":-1.2454265356063843},"rotation":{"x":0.14769916236400605,"y":-0.7009656429290772,"z":0.15207931399345399,"w":0.6810771226882935},"size":13.140681266784668,"orthographic":true}